text,lang,source
Zelensky guarded on Tomahawk missile talks with Trump after White House meeting,en,https://www.bbc.com/news
Prince Andrew gives up his title as Duke of York,en,https://www.bbc.com/news
'Have a great life!' Trump orders prison release of disgraced ex-lawmaker George Santos,en,https://www.bbc.com/news
BBC questions Trump on Ukraine at Zelensky meeting,en,https://www.bbc.com/news
US captures two survivors after attack on Venezuela 'drug sub',en,https://www.bbc.com/news
Prince Andrew gives up his title as Duke of York,en,https://www.bbc.com/news
"A lucky cat, a tattered football: The things Gazans kept close during two years of war",en,https://www.bbc.com/news
Can Putin's 'Flying Kremlin' travel through EU airspace to Budapest?,en,https://www.bbc.com/news
Grand Sumo in London? An ancient sport finds new fans far beyond Japan,en,https://www.bbc.com/news
'Have a great life!' Trump orders prison release of disgraced ex-lawmaker George Santos,en,https://www.bbc.com/news
Mystery heatwave warms Pacific Ocean to new record,en,https://www.bbc.com/news
Salesforce CEO apologises for saying Trump should send troops to San Francisco,en,https://www.bbc.com/news
Customers sue over 'embarrassing' squeaky On Cloud shoes,en,https://www.bbc.com/news
"Red Cross retrieves another body of dead hostage in Gaza, Israel says",en,https://www.bbc.com/news
Smuggler jailed for 40 years after shipping ballistic missiles parts from Iran,en,https://www.bbc.com/news
How CIA deployment gives Trump no 'limitations' on Venezuela action,en,https://www.bbc.com/news
"Buying more, wearing less - why India's Diwali gold rush is different",en,https://www.bbc.com/news
Reese Witherspoon on writing a thriller: 'What do girls in bikinis have to do with solving crime?',en,https://www.bbc.com/news
How would US Tomahawk missiles change the Ukraine-Russia war?,en,https://www.bbc.com/news
'We have to prioritise South Africans': Anti-migrant movement blocks foreigners from healthcare,en,https://www.bbc.com/news
"Buying more, wearing less - why India's Diwali gold rush is different",en,https://www.bbc.com/news
"After all those scandals, why did Andrew quit his titles now?",en,https://www.bbc.com/news
'It's scary to think I could have died': How Americans are coming back from fentanyl addiction,en,https://www.bbc.com/news
Reese Witherspoon on writing a thriller: 'What do girls in bikinis have to do with solving crime?',en,https://www.bbc.com/news
How would US Tomahawk missiles change the Ukraine-Russia war?,en,https://www.bbc.com/news
BBC questions Trump on Ukraine at Zelensky meeting,en,https://www.bbc.com/news
Woman's rare cancer found after Butlin's holiday injury,en,https://www.bbc.com/news
Watch: Moment grain silo collapses in Illinois,en,https://www.bbc.com/news
'I just wanted to give Prince William a big cwtch',en,https://www.bbc.com/news
Euphoria confirms new cast members for season three,en,https://www.bbc.com/news
UK government 'doing everything' to overturn Maccabi Tel Aviv fan ban,en,https://www.bbc.com/news
Landmark deal to cut global shipping emissions in tatters after US pressure,en,https://www.bbc.com/news
Polish judge refuses to extradite Ukrainian Nord Stream blasts suspect,en,https://www.bbc.com/news
Chinese Communist Party expels top generals in sweeping military crackdown,en,https://www.bbc.com/news
UK government 'doing everything' to overturn Maccabi Tel Aviv fan ban,en,https://www.bbc.com/news
US captures two survivors after attack on Venezuela 'drug sub',en,https://www.bbc.com/news
OpenAI stops 'disrespectful' Martin Luther King Jr deepfakes,en,https://www.bbc.com/news
Landmark deal to cut global shipping emissions in tatters after US pressure,en,https://www.bbc.com/news
'Have a great life!' Trump orders prison release of disgraced ex-lawmaker Santos,en,https://www.bbc.com/news
Prince Andrew gives up his title as Duke of York,en,https://www.bbc.com/news
"Baek Se-hee, author of I Want To Die But I Want To Eat Tteokbokki, dies at 35",en,https://www.bbc.com/news
Zelensky guarded on Tomahawk missile talks with Trump after White House meeting,en,https://www.bbc.com/news
US governor wins $1.4m playing blackjack in Las Vegas,en,https://www.bbc.com/news
Can Putin's 'Flying Kremlin' travel through EU airspace to Budapest?,en,https://www.bbc.com/news
"After all those scandals, why did Andrew quit his titles now?",en,https://www.bbc.com/news
Mystery heatwave warms Pacific Ocean to new record,en,https://www.bbc.com/news
Ten-year-old Palestinian boy shot dead by Israeli forces in West Bank,en,https://www.bbc.com/news
Chinese Communist Party expels top generals in sweeping military crackdown,en,https://www.bbc.com/news
Is writing already on the wall for Postecoglou at Forest?,en,https://www.bbc.com/news
Verstappen takes US sprint pole from Norris,en,https://www.bbc.com/news
Potter in talks to become Sweden boss,en,https://www.bbc.com/news
I can't bank on three years at Man Utd - Amorim,en,https://www.bbc.com/news
Usyk targeting 2026 return but rules out Itauma,en,https://www.bbc.com/news
Verstappen takes US sprint pole from Norris,en,https://www.bbc.com/news
Government 'doing everything' to overturn Maccabi Tel Aviv fan ban,en,https://www.bbc.com/news
Potter in talks to become Sweden boss,en,https://www.bbc.com/news
"Following the meeting, Trump calls for Kyiv and Moscow to ""stop where they are"" and end the war.",en,https://www.bbc.com/news
"The prince said he had made the decision because ""continued accusations about me distract from the work"" of the Royal Family.",en,https://www.bbc.com/news
"George Santos was jailed for seven years for stealing identities, including from members of his own family.",en,https://www.bbc.com/news
The BBC's Bernd Debusmann Jr and Myroslava Petsa were in the room with Trump and Zelensky for talks on Russia's war against Ukraine.,en,https://www.bbc.com/news
"Two people were rescued by helicopter and are being held on a US Navy ship, according to US media.",en,https://www.bbc.com/news
"The prince said he had made the decision because ""continued accusations about me distract from the work"" of the Royal Family.",en,https://www.bbc.com/news
The BBC speaks to Palestinians about the keepsakes and essentials they have held on to.,en,https://www.bbc.com/news
"If Putin does go to Budapest to meet Trump in the next two weeks, he would need to clear a few hurdles first.",en,https://www.bbc.com/news
"Going to Japan is almost the only way to see a top-flight suo sumo tournament. This week, London is hosting.",en,https://www.bbc.com/news
"George Santos was jailed for seven years for stealing identities, including from members of his own family.",en,https://www.bbc.com/news
Previous presidential findings have seen the US arm rebels and conduct lethal strikes around the globe.,en,https://www.bbc.com/news
Soaring gold prices have dented jewellery demand but Indians are not ready to give up on the metal yet.,en,https://www.bbc.com/news
"The actress talks about co-writing her debut thriller, about a female surgeon, with Harlan Coben.",en,https://www.bbc.com/news
The BBC's Jonathan Beale explains what impact the weapons might have if the US decides to send them to Ukraine.,en,https://www.bbc.com/news
Activists are stopping foreigners going to some health clinics with little push-back from the state.,en,https://www.bbc.com/news
Soaring gold prices have dented jewellery demand but Indians are not ready to give up on the metal yet.,en,https://www.bbc.com/news
He has voluntarily given up his titles but was clearly under pressure to jump before he was pushed.,en,https://www.bbc.com/news
Fatal overdoses in the US are falling - and Kayla's state of North Carolina is at the forefront of that trend.,en,https://www.bbc.com/news
"The actress talks about co-writing her debut thriller, about a female surgeon, with Harlan Coben.",en,https://www.bbc.com/news
"Trisha Paytas, Danielle Deadwyler and Natasha Lyonne will join the series when it returns in 2026.",en,https://www.bbc.com/news
It is working with police and exploring what additional resources are required to allow all fans to attend.,en,https://www.bbc.com/news
"President Trump intervened in the talks calling the deal a ""green scam"".",en,https://www.bbc.com/news
"The judge ordered his release, after a ruling that was met with a ripple of surprise in court and a smile from the Ukrainian in the dock.",en,https://www.bbc.com/news
The expulsions include China's second highest ranking military official.,en,https://www.bbc.com/news
It is working with police and exploring what additional resources are required to allow all fans to attend.,en,https://www.bbc.com/news
"Two people were rescued by helicopter and are being held on a US Navy ship, according to US media.",en,https://www.bbc.com/news
The intervention has not stopped Sora users generating and sharing fake clips of other historical figures.,en,https://www.bbc.com/news
"President Trump intervened in the talks calling the deal a ""green scam"".",en,https://www.bbc.com/news
"The potential consequences of defeat this weekend will not be lost on Nottingham Forest head coach Ange Postecoglou, with the club already looking at potential replacements.",en,https://www.bbc.com/news
Red Bull's Max Verstappen beats McLaren's title rivals Lando Norris and Oscar Piastri to take pole for the United States Grand Prix sprint race.,en,https://www.bbc.com/news
Former West Ham manager Graham Potter is in talks to become Sweden's next head coach.,en,https://www.bbc.com/news
Manchester United head coach Ruben Amorim thinks it is important Sir Jim Ratcliffe went public with his long-term thoughts - but says nothing is certain in football.,en,https://www.bbc.com/news
"Oleksandr Usyk is targeting a return to the ring in 2026, but has ruled out a bout with British heavyweight Moses Itauma.",en,https://www.bbc.com/news
Red Bull's Max Verstappen beats McLaren's title rivals Lando Norris and Oscar Piastri to take pole for the United States Grand Prix sprint race.,en,https://www.bbc.com/news
It is working with police and exploring what additional resources are required to allow all fans to attend.,en,https://www.bbc.com/news
Former West Ham manager Graham Potter is in talks to become Sweden's next head coach.,en,https://www.bbc.com/news
Copyright 2025 BBC. All rights reserved. The BBC is not responsible for the content of external sites. Read about our approach to external linking.,en,https://www.bbc.com/news
Please enable JS and disable any ad blocker,en,https://www.reuters.com
The murky deaths in the Haryana Police,en,https://www.thehindu.com/
Back to the basics: is India returning to the prototype pitches of the early 2000s?,en,https://www.thehindu.com/
Toil behind sweet success of ‘Atreyapuram Putharekulu’ from A.P.,en,https://www.thehindu.com/
The next steps for Afghanistan after the New Delhi visit,en,https://www.thehindu.com/
"Better global governance, led by China and India",en,https://www.thehindu.com/
"Bihar Assembly election LIVE: Over 1,250 file nominations for 1st phase of polls; NDA confident, INDIA bloc in disarray",en,https://www.thehindu.com/
Yunus announces 'birth of new Bangladesh' with signing of July Charter,en,https://www.thehindu.com/
Heavy rain batters Kerala’s Idukki; Mullaperiyar dam shutters opened as water levels rise,en,https://www.thehindu.com/
"Kabul accuses Pakistan of resuming air strikes, killing 10",en,https://www.thehindu.com/
Belgium court delivers judgment in favour of extraditing Mehul Choksi in CBI case,en,https://www.thehindu.com/
Centre fined for concealing facts in NCB officer Sameer Wankhede case,en,https://www.thehindu.com/
"Supreme Court quashes multiple FIRs under Uttar Pradesh Act on religious conversion, says law not tool to harass innocents",en,https://www.thehindu.com/
"​Claim, counterclaim: On India and foreign policy",en,https://www.thehindu.com/
Blatant aggression: On the Trump administration and its Venezuela actions,en,https://www.thehindu.com/
"Better global governance, led by China and India",en,https://www.thehindu.com/
The next steps for Afghanistan after the New Delhi visit,en,https://www.thehindu.com/
Is landlockedness the reason for Bihar’s underdevelopment?,en,https://www.thehindu.com/
Bottom trawling to continue in U.K. | Green Humour by Rohan Chakravarty,en,https://www.thehindu.com/
The women who fought their way into the Afghan Embassy,en,https://www.thehindu.com/
Ensure safeguards for India’s carbon market,en,https://www.thehindu.com/
Why is the fiscal architecture of municipalities flawed? | Explained,en,https://www.thehindu.com/
How does Gaganyaan’s vital crew escape system work? | Explained,en,https://www.thehindu.com/
Why are restaurants in Tamil Nadu opting for a new delivery partner? | Explained,en,https://www.thehindu.com/
Why did metal-organic frameworks win the 2025 chemistry Nobel?,en,https://www.thehindu.com/
Sir Creek: Timeline of the India-Pakistan dispute over a 96-km long estuary,en,https://www.thehindu.com/
Inside Chepauk: Meet the architect who redesigned Chennai’s iconic cricket ground,en,https://www.thehindu.com/
The View From India Looking at World Affairs from the Indian perspective.,en,https://www.thehindu.com/
First Day First Show News and reviews from the world of cinema and streaming.,en,https://www.thehindu.com/
Today's Cache Your download of the top 5 technology stories of the day.,en,https://www.thehindu.com/
Science For All The weekly newsletter from science writers takes the jargon out of science and puts the fun in!,en,https://www.thehindu.com/
"Data Point Decoding the headlines with facts, figures, and numbers",en,https://www.thehindu.com/
"Health Matters Ramya Kannan writes to you on getting to good health, and staying there",en,https://www.thehindu.com/
"The Hindu On Books Books of the week, reviews, excerpts, new titles and features.",en,https://www.thehindu.com/
"Copyright© 2025, THG PUBLISHING PVT LTD. or its affiliated companies. All rights reserved.",en,https://www.thehindu.com/
Terms & conditions | Institutional Subscriber,en,https://www.thehindu.com/
